<?xml version="1.0" encoding="UTF-8"?>
<project-private xmlns="http://www.netbeans.org/ns/project-private/1">
    <editor-bookmarks xmlns="http://www.netbeans.org/ns/editor-bookmarks/2" lastBookmarkId="0"/>
    <open-files xmlns="http://www.netbeans.org/ns/projectui-open-files/2">
        <group>
            <file>file:/C:/Users/W8/Documents/NetBeansProjects/SewaKamarApartment/src/project/Kamar.java</file>
            <file>file:/C:/Users/W8/Documents/NetBeansProjects/SewaKamarApartment/src/project/Penyewa.java</file>
            <file>file:/C:/Users/W8/Documents/NetBeansProjects/SewaKamarApartment/src/project/Laporan.java</file>
            <file>file:/C:/Users/W8/Documents/NetBeansProjects/SewaKamarApartment/src/project/AdminLogin.java</file>
            <file>file:/C:/Users/W8/Documents/NetBeansProjects/SewaKamarApartment/src/sewakamarapartment/SewaKamarApartment.java</file>
            <file>file:/C:/Users/W8/Documents/NetBeansProjects/SewaKamarApartment/src/project/Pelanggan.java</file>
            <file>file:/C:/Users/W8/Documents/NetBeansProjects/SewaKamarApartment/src/project/Transaksi.java</file>
        </group>
    </open-files>
</project-private>
